dataset,MAE,RMSE,R2,MAPE
train,2336882.33349062,5605439.400457673,0.4263583791108364,0.3293945208028258
test,2624296.4202944464,6994392.159255436,0.3470272777869893,0.39511404575834946
