model,test_mae,test_rmse,test_r2,test_mape
DecisionTree,2749701.5097899516,6867939.99263869,0.37042414216192665,0.36079442187180866
LinearRegression,2624296.4202944464,6994392.159255436,0.3470272777869893,0.39511404575834946
KNN,2933951.2623439506,7068085.403289916,0.33319528991493674,0.44593091835833415
Dummy_Median,4028503.6496350365,8910512.756920382,-0.05974280006990851,0.734232742232628
